{
  "gizmos-infos": {
    "is2D": false,
    "is3DIcon": false,
    "iconSize": 2,
    "gridVisible": true,
    "originAxis2D": {
      "x_visible": true,
      "y_visible": true,
      "z_visible": false
    },
    "originAxis3D": {
      "x_visible": true,
      "y_visible": false,
      "z_visible": true
    },
    "gridColor": [
      166,
      166,
      166,
      255
    ],
    "transformToolName": "position",
    "pivot": "pivot",
    "coordinate": "local",
    "toolsVisibility3d": true
  },
  "__version__": "1.0.3",
  "builder": {},
  "snap-configs": {
    "position": {
      "x": 1,
      "y": 1,
      "z": 1
    },
    "rotation": 1,
    "scale": 1,
    "isPositionSnapEnabled": false,
    "isRotationSnapEnabled": false,
    "isScaleSnapEnabled": false
  },
  "rect-snap-configs": {
    "enableSnapping": true,
    "snapThreshold": 4
  },
  "camera-infos": {
    "b9e24742-9245-4663-91e1-e10193c0c385": {
      "position": {
        "x": 637.0605795474096,
        "y": 328.4774764346765,
        "z": 5000
      },
      "rotation": {
        "x": 0,
        "y": 0,
        "z": 0,
        "w": 1
      },
      "viewCenter": {
        "x": 0,
        "y": 0,
        "z": 0
      },
      "contentRect": {
        "x": 319.07631750414305,
        "y": 32.80022589650848,
        "width": 727,
        "height": 676
      },
      "scale": 1.1431383354140352
    },
    "86fd724d-cc3c-43b2-b160-5303914581f9": {
      "position": {
        "x": 640,
        "y": 360.00000000000006,
        "z": 5000
      },
      "rotation": {
        "x": 0,
        "y": 0,
        "z": 0,
        "w": 1
      },
      "viewCenter": {
        "x": 0,
        "y": 0,
        "z": 0
      },
      "contentRect": {
        "x": 0,
        "y": 6.179682023257537e-14,
        "width": 841,
        "height": 676
      },
      "scale": 0.4599218750000001
    },
    "8bd765b7-c256-4caf-bd37-c9f7f5968200": {
      "position": {
        "x": 640,
        "y": 360.00000000000006,
        "z": 5000
      },
      "rotation": {
        "x": 0,
        "y": 0,
        "z": 0,
        "w": 1
      },
      "viewCenter": {
        "x": 0,
        "y": 0,
        "z": 0
      },
      "contentRect": {
        "x": 0,
        "y": 6.179682023257537e-14,
        "width": 841,
        "height": 676
      },
      "scale": 0.4599218750000001
    },
    "fc6aaa40-2155-4043-bebf-d7140ac3cc60": {
      "position": {
        "x": 640,
        "y": 360.0000000000001,
        "z": 5000
      },
      "rotation": {
        "x": 0,
        "y": 0,
        "z": 0,
        "w": 1
      },
      "viewCenter": {
        "x": 0,
        "y": 0,
        "z": 0
      },
      "contentRect": {
        "x": 0,
        "y": 5.684341886080802e-14,
        "width": 932.4000000000001,
        "height": 524.4750000000001
      },
      "scale": 0.7284375000000002
    },
    "15e0b750-59be-4307-b051-b3ce069b4383": {
      "position": {
        "x": 640,
        "y": 360,
        "z": 5000
      },
      "rotation": {
        "x": 0,
        "y": 0,
        "z": 0,
        "w": 1
      },
      "viewCenter": {
        "x": 0,
        "y": 0,
        "z": 0
      },
      "contentRect": {
        "x": 0,
        "y": 5.684341886080802e-14,
        "width": 880.6,
        "height": 495.3375
      },
      "scale": 0.68796875
    },
    "ee91ae33-6ad8-4420-a57b-2729b41611d7": {
      "position": {
        "x": 640,
        "y": 360.00000000000006,
        "z": 5000
      },
      "rotation": {
        "x": 0,
        "y": 0,
        "z": 0,
        "w": 1
      },
      "viewCenter": {
        "x": 0,
        "y": 0,
        "z": 0
      },
      "contentRect": {
        "x": 0,
        "y": 5.684341886080802e-14,
        "width": 873.6,
        "height": 491.4
      },
      "scale": 0.6825
    },
    "c00458b5-6aa7-4549-be40-413c8a06e3aa": {
      "position": {
        "x": 727.7016868364601,
        "y": 345.4999914384489,
        "z": 5000
      },
      "rotation": {
        "x": 0,
        "y": 0,
        "z": 0,
        "w": 1
      },
      "viewCenter": {
        "x": 0,
        "y": 0,
        "z": 0
      },
      "contentRect": {
        "x": -102.58199384891452,
        "y": -259.36686563668434,
        "width": 1102,
        "height": 716
      },
      "scale": 0.5960095038251988
    },
    "fe39b8ac-10e8-4767-ade9-b8177a95bf8b": {
      "position": {
        "x": 1487.5745145290646,
        "y": 895.1055148556759,
        "z": 1568.0167594968866
      },
      "rotation": {
        "x": -0.06712118706820507,
        "y": 0.06776520722343433,
        "z": 0.004569361159766896,
        "w": 0.9954304314592314
      },
      "viewCenter": {
        "x": 1273.091,
        "y": 680.701,
        "z": 0
      },
      "contentRect": {
        "x": -102.58199384891452,
        "y": -259.36686563668434,
        "width": 1102,
        "height": 716
      },
      "scale": 0.5960095038251988
    },
    "59cf5e33-c3a5-4439-be72-189782c1a968": {
      "position": {
        "x": 926.267592091817,
        "y": 502.87515253704834,
        "z": 2092.8059813191817
      },
      "rotation": {
        "x": -0.06712118706820507,
        "y": 0.06776520722343433,
        "z": 0.004569361159766896,
        "w": 0.9954304314592314
      },
      "viewCenter": {
        "x": 640,
        "y": 216.713,
        "z": 0
      },
      "contentRect": {
        "x": -102.58199384891452,
        "y": -259.36686563668434,
        "width": 1102,
        "height": 716
      },
      "scale": 0.5960095038251988
    },
    "bfd17782-990d-45ed-b6ca-836ef2831e3a": {
      "position": {
        "x": 914.2857142857141,
        "y": 594.0368161783769,
        "z": 5000
      },
      "rotation": {
        "x": 0,
        "y": 0,
        "z": 0,
        "w": 1
      },
      "viewCenter": {
        "x": 0,
        "y": 0,
        "z": 0
      },
      "contentRect": {
        "x": -102.58199384891452,
        "y": -259.36686563668434,
        "width": 1102,
        "height": 716
      },
      "scale": 0.5960095038251988
    },
    "cbd39acb-d1e1-4510-997f-249ab0996d5c": {
      "position": {
        "x": 818.0599823380353,
        "y": 407.2897716502906,
        "z": 5000
      },
      "rotation": {
        "x": 0,
        "y": 0,
        "z": 0,
        "w": 1
      },
      "viewCenter": {
        "x": 0,
        "y": 0,
        "z": 0
      },
      "contentRect": {
        "x": -102.58199384891452,
        "y": -259.36686563668434,
        "width": 1102,
        "height": 716
      },
      "scale": 0.5960095038251988
    },
    "e88c3636-68ff-48ac-b2d4-357b3fdc5be5": {
      "position": {
        "x": 1634.4657432102956,
        "y": 1354.0994564628734,
        "z": 7270.204218366369
      },
      "rotation": {
        "x": -0.06712118706820507,
        "y": 0.06776520722343495,
        "z": 0.004569361159766922,
        "w": 0.9954304314592314
      },
      "viewCenter": {
        "x": 640,
        "y": 360.00000000000006,
        "z": 0
      },
      "contentRect": {
        "x": -102.58199384891452,
        "y": -259.36686563668434,
        "width": 1102,
        "height": 716
      },
      "scale": 0.5960095038251988
    }
  },
  "camera-uuids": [
    "b9e24742-9245-4663-91e1-e10193c0c385",
    "86fd724d-cc3c-43b2-b160-5303914581f9",
    "8bd765b7-c256-4caf-bd37-c9f7f5968200",
    "fc6aaa40-2155-4043-bebf-d7140ac3cc60",
    "15e0b750-59be-4307-b051-b3ce069b4383",
    "ee91ae33-6ad8-4420-a57b-2729b41611d7",
    "c00458b5-6aa7-4549-be40-413c8a06e3aa",
    "fe39b8ac-10e8-4767-ade9-b8177a95bf8b",
    "59cf5e33-c3a5-4439-be72-189782c1a968",
    "bfd17782-990d-45ed-b6ca-836ef2831e3a",
    "cbd39acb-d1e1-4510-997f-249ab0996d5c",
    "e88c3636-68ff-48ac-b2d4-357b3fdc5be5"
  ],
  "camera": {
    "color": [
      48,
      48,
      48,
      255
    ],
    "fov": 45,
    "far": 10000,
    "near": 0.01,
    "wheelSpeed": 0.01,
    "wanderSpeed": 10,
    "enableAcceleration": true,
    "size": "__default_design__",